Input,Output
00000,B2-2
00001,B2-2
00002,B2-2
00003,B2-2
00004,B2-2
00005,B2-2
00006,B2-2
00007,B2-1
00008,B2-1
00009,B2-1
00010,B2-2
00011,B2-1
00012,B2-1
00013,B2-2
00014,B2-2
00015,B2-2
00016,B2-1
00017,B2-1
00018,B2-1
00019,B29-2
00020,B2-1
00021,B2-2
00022,B2-1
00023,B2-1
00024,B2-1
00025,B2-1
00026,B2-1
00027,B2-1
00028,B2-1
00029,B2-1
00030,B2-1
00031,B2-1
00032,B2-1
00033,B2-1
00034,B2-1
00035,B2-1
00036,B5-1
00037,None
00038,B8-1
00039,B7-1
00040,None
00041,B32-1
00042,B1-2
00043,B34-1
00044,B25-2
00045,B13-2
00046,B23-2
00047,B2-2
00048,B7-1
00049,B31-2
00050,B15-2
00051,B2-2
00052,B1-2
00053,B31-1
00054,B39-2
00055,B15-1
00056,B20-1
00057,B31-2
00058,B17-2
00059,B31-2
00060,B15-2
00061,B37-1
00062,B14-1
00063,B36-2
00064,B15-2
00065,B34-1
00066,B29-1
00067,B29-1
00068,B2-1
00069,B29-2
00070,B29-2
00071,B29-2
00072,B29-2
00073,B29-2
00074,B2-1
00075,B37-2
00076,B15-2
00077,B29-2
00078,B29-1
00079,B29-1
00080,B29-1
00081,B29-1
00082,B29-1
00083,B29-1
00084,B29-1
00085,B29-1
00086,B29-1
00087,B29-1
00088,B29-1
00089,B29-1
00090,B29-1
00091,B29-2
00092,B29-1
00093,B29-1
00094,B2-2
00095,B2-2
00096,B14-2
00097,B15-2
00098,B29-11
00099,B37-1
00100,None
00101,None
00102,None
00103,None
00104,None
00105,None
00106,None
00107,None
00108,B15-2
00109,B1-2
00110,None
00111,None
00112,None
00113,None
00114,B35-1
00115,B33-2
00116,B37-1
00117,B37-1
00118,B29-11
00119,B35-1
00120,B15-2
00121,B15-2
00122,B2-2
00123,B22-1
00124,B7-1
00125,B2-2
00126,B31-2
00127,B18-2
00128,B31-2
00129,B15-2
00130,B15-2
00131,B1-2
00132,B37-1
00133,B11-2
00134,B2-2
00135,B35-1
00136,B27-2
00137,B21-2
00138,B1-1
00139,B15-2
00140,B37-1
00141,None
00142,None
00143,None
00144,None
00145,None
00146,None
00147,B35-1
00148,B15-2
00149,B35-1
00150,B29-11
00151,B15-2
00152,B29-11
00153,B32-1
00154,B39-2
00155,B37-1
00156,B37-1
00157,B24-2
00158,B19-2
00159,B39-2
00160,B22-2
00161,B31-1
00162,B39-2
00163,B31-2
00164,B2-2
00165,B2-2
00166,B15-2
00167,B39-2
00168,B37-1
00169,B22-2
00170,B29-1
00171,B29-1
00172,B29-1
00173,B29-1
00174,B1-2
00175,B1-2
00176,B1-1
00177,B1-1
00178,B1-1
00179,B1-1
00180,B1-1
00181,B1-1
00182,B1-1
00183,B1-1
00184,B1-1
00185,B1-1
00186,B1-1
00187,B1-1
00188,B1-1
00189,B1-1
00190,B1-1
00191,B1-1
00192,B1-1
00193,B1-1
00194,B1-1
00195,B1-1
00196,B1-1
00197,B1-1
00198,B1-1
00199,B1-1
00200,B1-1
00201,B1-1
00202,B1-1
00203,B1-1
00204,B1-1
00205,B1-1
00206,B1-1
00207,B1-1
00208,B1-1
00209,B1-1
00210,B1-1
00211,B1-1
00212,B1-1
00213,B1-1
00214,B1-1
00215,B1-1
00216,B1-1
00217,B1-1
00218,B1-1
00219,B1-1
00220,B1-1
00221,B1-1
00222,B1-1
00223,B1-1
00224,B1-1
00225,B1-1
00226,B1-1
00227,B1-1
00228,B1-1
00229,B1-1
00230,B1-1
00231,B1-1
00232,B1-1
00233,B1-1
00234,B1-1
00235,B1-2
00236,B1-2
00237,B1-2
00238,B1-2
00239,B1-2
00240,B1-2
00241,B1-2
00242,B1-2
00243,B1-2
00244,B1-2
00245,B1-2
00246,B1-2
00247,B1-2
00248,B1-2
00249,B1-2
00250,B1-2
00251,B1-2
00252,B1-1
00253,B1-2
00254,B1-2
00255,B1-2
00256,B1-2
00257,B1-2
00258,B1-2
00259,B1-2
00260,B1-2
00261,B1-2
00262,B1-2
00263,B1-2
00264,B1-2
00265,B1-1
00266,B1-1
00267,B1-1
00268,B1-1
00269,B1-1
00270,B1-1
00271,B1-1
00272,B1-1
00273,B1-1
00274,B1-1
00275,B1-1
00276,B1-1
00277,B1-1
00278,B1-1
00279,B1-1
00280,B1-1
00281,B1-1
00282,B1-1
00283,B1-1
00284,B1-1
00285,B1-1
00286,B1-1
00287,B1-1
00288,B1-1
00289,B1-1
00290,B1-1
00291,B1-1
00292,B1-1
00293,B1-1
00294,B1-1
00295,B1-1
00296,B1-1
00297,B1-1
00298,B1-1
00299,B1-1
00300,B1-1
00301,B1-1
00302,B1-1
00303,B1-1
00304,B1-1
00305,B1-1
00306,B1-1
00307,B1-1
00308,B1-1
00309,B1-1
00310,B1-1
00311,B1-1
00312,B1-1
00313,B1-1
00314,B1-1
00315,B1-1
00316,B1-1
00317,B1-1
00318,B1-1
00319,B1-1
00320,B1-1
00321,B1-1
00322,B1-1
00323,B1-1
00324,B1-1
00325,B1-1
00326,B1-1
00327,B1-1
00328,B1-1
00329,B1-1
00330,B1-1
00331,B1-1
00332,B1-1
00333,B1-1
00334,B1-1
00335,B1-1
00336,B1-1
00337,B1-1
00338,B1-1
00339,B1-1
00340,B1-1
00341,B1-1
00342,B1-1
00343,B1-1
00344,B1-1
00345,B1-1
00346,B1-1
00347,B1-1
00348,B1-1
00349,B1-1
00350,B1-1
00351,B1-1
00352,B1-1
00353,B1-2
00354,B1-1
00355,B1-1
00356,B1-1
00357,B1-1
00358,B1-1
00359,B1-1
00360,B1-1
00361,B1-1
00362,B1-1
00363,B1-1
00364,B1-1
00365,B1-1
00366,B1-1
00367,B1-1
00368,B1-1
00369,B1-1
00370,B1-1
00371,B1-1
00372,B1-1
00373,B1-1
00374,B1-1
00375,B1-1
00376,B1-1
00377,B31-1
00378,B33-1
00379,B2-2
00380,B2-1
00381,B2-2
00382,B2-2
00383,B2-2
00384,B2-2
00385,B2-2
00386,B2-2
00387,B2-2
00388,B2-1
00389,B2-1
00390,B2-1
00391,B2-1
00392,B2-1
00393,B2-1
00394,B2-1
00395,B2-1
00396,B2-1
00397,B2-1
00398,B2-1
00399,B2-1
00400,B2-1
00401,B2-1
00402,B2-1
00403,B2-1
00404,B2-1
00405,B2-1
00406,B2-1
00407,B2-1
00408,B2-1
00409,B2-2
00410,B2-1
00411,B2-1
00412,B2-1
00413,B2-2
00414,B2-2
00415,B2-1
00416,B2-1
00417,B2-1
00418,B2-1
00419,B2-1
00420,B2-1
00421,B2-1
00422,B2-1
00423,B2-1
00424,B2-1
00425,B2-1
00426,B2-1
00427,B2-1
00428,B2-1
00429,B2-1
00430,B2-1
00431,B2-1
00432,B2-1
00433,B2-1
00434,B2-1
00435,B2-1
00436,B2-2
00437,B2-2
00438,B2-2
00439,B19-2
00440,B21-2
00441,B39-2
00442,B36-2
00443,B1-2
00444,B29-1
00445,B29-1
00446,B29-1
00447,B2-2
00448,B2-2
00449,B2-2
00450,B2-2
00451,B2-2
00452,B2-2
00453,B2-2
00454,B2-2
00455,B2-2
00456,B2-2
00457,B2-2
00458,B2-2
00459,B19-2
00460,B36-1
00461,B15-2
00462,B29-1
00463,B4-2
00464,B29-1
00465,B4-2
00466,B4-2
00467,B4-2
00468,B37-2
00469,B4-2
00470,B7-2
00471,B15-2
00472,B4-2
00473,B15-2
00474,B4-2
00475,B4-2
00476,B1-2
00477,B4-2
00478,B4-2
00479,B39-2
00480,B37-1
00481,B4-2
00482,B4-2
00483,B37-1
00484,B4-1
00485,B29-3
00486,B3-1
00487,B3-1
00488,B3-1
00489,B3-1
00490,B3-1
00491,B3-1
00492,B3-1
00493,B3-1
00494,B3-1
00495,B3-2
00496,B3-1
00497,B3-1
00498,B3-1
00499,B3-1
00500,B3-1
00501,B3-1
00502,B3-1
00503,B3-1
00504,B3-1
00505,B3-1
00506,B3-1
00507,B3-1
00508,B3-1
00509,B3-1
00510,B3-1
00511,B3-1
00512,B3-1
00513,B3-1
00514,B3-1
00515,B3-1
00516,B3-1
00517,B3-1
00518,B3-1
00519,B3-1
00520,B3-1
00521,B3-1
00522,B3-1
00523,B3-1
00524,B3-1
00525,B3-1
00526,B3-1
00527,B3-1
00528,B3-1
00529,B3-1
00530,B3-1
00531,B3-1
00532,B3-1
00533,B3-1
00534,B3-1
00535,B3-1
00536,B3-1
00537,B3-1
00538,B3-1
00539,B3-1
00540,B3-1
00541,B3-2
00542,B3-1
00543,B3-2
00544,B3-2
00545,B3-2
00546,B3-2
00547,B3-1
00548,B3-1
00549,B3-1
00550,B3-1
00551,B3-1
00552,B39-2
00553,B29-2
00554,B1-2
00555,B29-3
00556,B15-2
00557,B29-3
00558,B13-2
00559,B29-11
00560,B15-2
00561,B29-3
00562,B37-1
00563,B33-2
00564,B29-3
00565,B4-2
00566,B4-2
00567,B4-1
00568,B4-1
00569,B4-2
00570,B4-2
00571,B4-2
00572,B4-2
00573,B4-2
00574,B4-2
00575,B4-2
00576,B4-2
00577,B4-2
00578,B4-1
00579,B4-2
00580,B4-2
00581,B4-2
00582,B4-2
00583,B4-2
00584,B4-1
00585,B4-2
00586,B4-1
00587,B4-2
00588,B4-2
00589,B4-2
00590,B4-2
00591,B4-1
00592,B4-2
00593,B4-1
00594,B4-2
00595,B4-1
00596,B4-1
00597,B4-1
00598,B4-2
00599,B4-2
00600,B4-2
00601,B4-1
00602,B4-1
00603,B4-2
00604,B4-2
00605,B4-2
00606,B4-1
00607,B4-2
00608,B4-2
00609,B4-2
00610,B4-2
00611,B4-2
00612,B4-2
00613,B4-1
00614,B4-2
00615,B4-2
00616,B4-2
00617,B4-1
00618,B4-2
00619,B4-2
00620,B4-2
00621,B4-2
00622,B4-1
00623,B4-2
00624,B4-2
00625,B4-2
00626,B4-2
00627,B46-1
00628,B33-1
00629,B29-11
00630,B37-2
00631,B6-2
00632,B29-11
00633,B15-2
00634,B39-2
00635,B36-1
00636,B35-1
00637,B29-11
00638,B31-2
00639,B32-2
00640,B29-5
00641,B29-5
00642,B29-5
00643,B34-2
00644,B5-2
00645,B5-1
00646,B5-1
00647,B5-2
00648,B5-1
00649,B5-1
00650,B5-2
00651,B5-1
00652,B5-2
00653,B5-2
00654,B5-2
00655,B5-2
00656,B5-1
00657,B5-1
00658,B5-1
00659,B5-1
00660,B5-2
00661,B5-2
00662,B5-1
00663,B5-1
00664,B5-1
00665,B5-2
00666,B5-2
00667,B15-2
00668,B6-2
00669,B6-2
00670,B39-2
00671,B23-2
00672,B39-2
00673,B31-2
00674,B8-2
00675,B8-2
00676,B8-2
00677,B8-2
00678,B8-2
00679,B31-1
00680,B19-2
00681,B29-5
00682,B29-5
00683,B29-5
00684,B6-1
00685,B6-1
00686,B6-1
00687,B6-1
00688,B6-1
00689,B6-2
00690,B6-2
00691,B6-2
00692,B6-2
00693,B6-2
00694,B6-2
00695,B6-2
00696,B6-2
00697,B6-2
00698,B6-2
00699,B6-2
00700,B6-2
00701,B6-2
00702,B6-2
00703,B6-2
00704,B6-2
00705,B6-2
00706,B6-2
00707,B6-2
00708,B6-2
00709,B6-2
00710,B6-1
00711,B6-1
00712,B6-2
00713,B6-2
00714,B6-2
00715,B36-2
00716,B15-2
00717,B15-2
00718,B36-2
00719,B39-2
00720,B8-2
00721,B36-2
00722,B39-2
00723,B31-2
00724,B34-2
00725,B8-2
00726,B8-2
00727,B8-2
00728,B8-2
00729,B8-2
00730,B8-2
00731,B8-2
00732,B8-2
00733,B29-7
00734,B29-7
00735,B7-2
00736,B7-2
00737,B7-2
00738,B7-2
00739,B7-2
00740,B7-1
00741,B7-1
00742,B7-2
00743,B7-2
00744,B7-2
00745,B7-1
00746,B7-1
00747,B7-2
00748,B7-2
00749,B7-2
00750,B7-1
00751,B7-1
00752,B7-1
00753,B7-1
00754,B7-1
00755,B7-1
00756,B7-1
00757,B7-1
00758,B7-1
00759,B7-1
00760,B7-1
00761,B7-1
00762,B7-1
00763,B7-1
00764,B7-1
00765,B7-1
00766,B7-1
00767,B7-1
00768,B7-1
00769,B7-2
00770,B7-1
00771,B8-1
00772,B20-1
00773,B46-5
00774,B25-1
00775,B33-2
00776,B35-2
00777,B31-2
00778,B15-2
00779,B1-1
00780,B15-2
00781,B15-2
00782,B23-2
00783,B31-2
00784,B1-2
00785,B8-2
00786,B15-2
00787,B8-2
00788,B8-2
00789,B8-1
00790,B8-1
00791,B8-1
00792,B8-1
00793,B8-1
00794,B8-1
00795,B8-2
00796,B8-1
00797,B8-1
00798,B8-1
00799,B8-1
00800,B8-1
00801,B8-1
00802,B8-1
00803,B8-1
00804,B8-1
00805,B8-1
00806,B8-1
00807,B8-1
00808,B8-1
00809,B8-2
00810,B8-2
00811,B46-5
00812,B46-5
00813,B39-2
00814,B13-2
00815,B15-2
00816,B39-2
00817,B1-2
00818,B31-2
00819,B20-2
00820,B39-2
00821,B15-2
00822,B13-2
00823,B33-2
00824,B29-8
00825,B1-2
00826,B9-1
00827,B9-1
00828,B9-1
00829,B9-1
00830,B9-1
00831,B9-1
00832,B9-1
00833,B9-1
00834,B9-1
00835,B9-1
00836,B9-1
00837,B9-1
00838,B9-1
00839,B9-1
00840,B9-1
00841,B9-1
00842,B9-1
00843,B9-1
00844,B9-1
00845,B9-1
00846,B9-1
00847,B9-1
00848,B9-1
00849,B9-1
00850,B9-2
00851,B29-9
00852,B29-9
00853,B29-9
00854,B39-2
00855,B15-2
00856,B39-2
00857,B15-2
00858,B29-9
00859,B27-2
00860,B15-1
00861,B29-9
00862,B10-2
00863,B10-1
00864,B10-1
00865,B10-1
00866,B10-1
00867,B10-1
00868,B10-1
00869,B10-1
00870,B10-1
00871,B10-1
00872,B10-1
00873,B10-2
00874,B10-2
00875,B10-2
00876,B10-1
00877,B10-1
00878,B10-1
00879,B10-2
00880,B10-2
00881,B10-1
00882,B10-2
00883,B10-2
00884,B10-1
00885,B10-2
00886,B10-1
00887,B10-2
00888,B15-2
00889,B15-1
00890,B17-2
00891,B24-2
00892,B6-1
00893,B39-2
00894,B15-2
00895,B29-11
00896,B29-11
00897,B29-11
00898,B29-11
00899,B29-11
00900,B15-1
00901,B29-11
00902,B29-11
00903,B29-11
00904,B11-2
00905,B11-2
00906,B11-2
00907,B11-2
00908,B11-2
00909,B11-2
00910,B11-2
00911,B11-2
00912,B11-2
00913,B11-2
00914,B11-2
00915,B11-2
00916,B11-2
00917,B11-2
00918,B11-2
00919,B11-2
00920,B11-2
00921,B11-2
00922,B11-2
00923,B11-2
00924,B11-2
00925,B11-2
00926,B29-11
00927,B12-1
00928,B12-1
00929,B12-1
00930,B12-1
00931,B12-2
00932,B12-2
00933,B15-1
00934,B15-2
00935,B29-11
00936,B29-11
00937,B29-11
00938,B29-11
00939,B29-11
00940,B29-11
00941,B29-11
00942,B12-2
00943,B12-2
00944,B12-1
00945,B12-1
00946,B12-1
00947,B12-1
00948,B12-1
00949,B12-1
00950,B12-1
00951,B12-1
00952,B12-1
00953,B12-1
00954,B12-1
00955,B12-1
00956,B12-1
00957,B12-1
00958,B12-1
00959,B12-1
00960,B12-1
00961,B12-1
00962,B12-1
00963,B12-1
00964,B12-1
00965,B12-1
00966,B12-1
00967,B12-1
00968,B12-1
00969,B12-1
00970,B12-1
00971,B12-1
00972,B12-2
00973,B12-2
00974,B39-2
00975,B39-2
00976,B2-2
00977,B14-2
00978,B14-2
00979,B12-1
00980,B33-2
00981,B14-2
00982,B14-2
00983,B14-2
00984,B14-2
00985,B15-2
00986,B13-2
00987,B13-1
00988,B13-1
00989,B13-1
00990,B13-1
00991,B13-1
00992,B13-1
00993,B13-1
00994,B13-1
00995,B13-1
00996,B13-1
00997,B13-1
00998,B13-1
00999,B13-1
01000,B13-1
01001,B13-1
01002,B13-1
01003,B13-1
01004,B13-1
01005,B13-2
01006,B13-1
01007,B13-1
01008,B13-1
01009,B13-1
01010,B13-1
01011,None
01012,None
01013,None
01014,None
01015,None
01016,None
01017,None
01018,B13-2
01019,B39-2
01020,B30-4
01021,B1-2
01022,B31-2
01023,B7-1
01024,B15-1
01025,B33-2
01026,B34-2
01027,B32-1
01028,B31-2
01029,B14-2
01030,B14-2
01031,B14-2
01032,B14-2
01033,B14-2
01034,B14-2
01035,B14-2
01036,B14-2
01037,B14-2
01038,B14-2
01039,B14-2
01040,B14-2
01041,B14-2
01042,B14-2
01043,B14-2
01044,B14-2
01045,B14-2
01046,B14-2
01047,B14-2
01048,B14-2
01049,B14-2
01050,B31-2
01051,B37-1
01052,B15-2
01053,B6-1
01054,B10-1
01055,B31-2
01056,B16-2
01057,B16-2
01058,B34-1
01059,B15-2
01060,B16-2
01061,B25-1
01062,B31-2
01063,B15-2
01064,B15-2
01065,B15-2
01066,B15-2
01067,B15-2
01068,B15-2
01069,B15-2
01070,B15-2
01071,B15-2
01072,B15-2
01073,B15-2
01074,B15-2
01075,B15-2
01076,B15-2
01077,B15-2
01078,B15-2
01079,B15-2
01080,B15-2
01081,B15-2
01082,B15-2
01083,B15-2
01084,B15-2
01085,B15-2
01086,B15-2
01087,B15-2
01088,B15-2
01089,B15-2
01090,B31-2
01091,B16-2
01092,B1-1
01093,B19-2
01094,B6-1
01095,B35-1
01096,B39-2
01097,B33-1
01098,B15-2
01099,B38-2
01100,B39-2
01101,B16-2
01102,B16-1
01103,B16-1
01104,B16-2
01105,B16-1
01106,B16-1
01107,B16-2
01108,B16-1
01109,B16-1
01110,B16-1
01111,B16-2
01112,B16-2
01113,B16-2
01114,B16-2
01115,B16-2
01116,B16-2
01117,B16-2
01118,B16-2
01119,B16-2
01120,B16-2
01121,B16-2
01122,B16-2
01123,B16-2
01124,B16-1
01125,B16-2
01126,B16-2
01127,B16-2
01128,B16-2
01129,B16-2
01130,B16-2
01131,B16-2
01132,B16-2
01133,B15-2
01134,B15-2
01135,B37-2
01136,B10-1
01137,B18-2
01138,B15-2
01139,B18-2
01140,B33-2
01141,B32-1
01142,B18-2
01143,B18-2
01144,B18-2
01145,B18-2
01146,B32-2
01147,B17-2
01148,B17-2
01149,B17-2
01150,B17-2
01151,B17-2
01152,B17-2
01153,B17-2
01154,B17-2
01155,B17-2
01156,B17-2
01157,B17-2
01158,B17-2
01159,B17-2
01160,B17-2
01161,B17-2
01162,B17-2
01163,B17-2
01164,B17-2
01165,B17-2
01166,B17-2
01167,B17-2
01168,B17-2
01169,B17-2
01170,B17-2
01171,B17-2
01172,B12-1
01173,B13-2
01174,B30-3
01175,B21-2
01176,B7-1
01177,B15-1
01178,B15-1
01179,B34-2
01180,B31-2
01181,B32-1
01182,B36-2
01183,B4-2
01184,B18-2
01185,B18-1
01186,B18-1
01187,B18-1
01188,B18-2
01189,B18-2
01190,B18-1
01191,B18-1
01192,B18-2
01193,B18-2
01194,B18-2
01195,B8-1
01196,B18-1
01197,B18-1
01198,B39-2
01199,B9-1
01200,B35-1
01201,B37-2
01202,B18-2
01203,B18-1
01204,B18-2
01205,B18-2
01206,B18-2
01207,B18-2
01208,B18-2
01209,B18-2
01210,B18-2
01211,B18-2
01212,B39-2
01213,B37-1
01214,B20-2
01215,B29-11
01216,B33-2
01217,B20-2
01218,B20-2
01219,B20-2
01220,B37-1
01221,B31-1
01222,B20-2
01223,B39-2
01224,B15-2
01225,B15-2
01226,B19-2
01227,B19-2
01228,B19-2
01229,B19-2
01230,B19-2
01231,B19-2
01232,B19-2
01233,B19-2
01234,B19-2
01235,B19-2
01236,B19-2
01237,B19-2
01238,B19-1
01239,B19-2
01240,B19-2
01241,B19-1
01242,B19-2
01243,B19-2
01244,B19-2
01245,B19-2
01246,B19-2
01247,B19-2
01248,B19-2
01249,B19-2
01250,B19-2
01251,B19-2
01252,B19-2
01253,B19-2
01254,B19-2
01255,B19-2
01256,B19-2
01257,B19-2
01258,B19-2
01259,B19-2
01260,B19-2
01261,B19-2
01262,B19-2
01263,B19-2
01264,B19-2
01265,B19-2
01266,B19-2
01267,B19-2
01268,B19-2
01269,B19-2
01270,B19-2
01271,B19-2
01272,B19-2
01273,B19-2
01274,B19-2
01275,B19-2
01276,B31-2
01277,B25-1
01278,B15-2
01279,B33-2
01280,B37-1
01281,B21-2
01282,B39-2
01283,B39-2
01284,B15-2
01285,B15-2
01286,B15-2
01287,B39-2
01288,B15-1
01289,B15-2
01290,B1-2
01291,B37-1
01292,B15-2
01293,B20-2
01294,B20-2
01295,B20-2
01296,B20-2
01297,B20-2
01298,B15-2
01299,B20-1
01300,B20-2
01301,B20-2
01302,B20-2
01303,B20-2
01304,B20-2
01305,B20-2
01306,B20-2
01307,B20-2
01308,B20-2
01309,B20-2
01310,B20-2
01311,B20-2
01312,B20-2
01313,B20-1
01314,B20-1
01315,B20-1
01316,B20-1
01317,B15-2
01318,B39-2
01319,B20-2
01320,B20-2
01321,B20-2
01322,B20-2
01323,B15-2
01324,B31-2
01325,B39-2
01326,B22-2
01327,B22-2
01328,B29-11
01329,B31-1
01330,B22-2
01331,B22-2
01332,B22-2
01333,B22-2
01334,B22-2
01335,B21-2
01336,B21-2
01337,B21-2
01338,B21-2
01339,B21-2
01340,B21-2
01341,B21-2
01342,B21-2
01343,B21-2
01344,B21-2
01345,B21-2
01346,B21-2
01347,B21-1
01348,B21-1
01349,B21-1
01350,B21-1
01351,B21-1
01352,B21-1
01353,B21-1
01354,B21-1
01355,B21-1
01356,B21-2
01357,B21-2
01358,B22-2
01359,B15-2
01360,B39-2
01361,B31-2
01362,B24-2
01363,B39-2
01364,B39-2
01365,B37-1
01366,B21-1
01367,B39-2
01368,B24-2
01369,B39-2
01370,B22-1
01371,B22-1
01372,B22-1
01373,B22-1
01374,B22-1
01375,B22-1
01376,B22-1
01377,B22-1
01378,B22-1
01379,B22-2
01380,B22-2
01381,B22-1
01382,B22-1
01383,B22-1
01384,B22-1
01385,B22-1
01386,B22-1
01387,B22-1
01388,B22-2
01389,B22-2
01390,B22-1
01391,B22-1
01392,B22-2
01393,B22-2
01394,B22-2
01395,B22-2
01396,B22-2
01397,B22-2
01398,B22-2
01399,B22-2
01400,B22-2
01401,B22-2
01402,B22-2
01403,B37-1
01404,B15-2
01405,B39-2
01406,B15-2
01407,B24-2
01408,B24-2
01409,B24-2
01410,B24-2
01411,B24-2
01412,B24-2
01413,B24-2
01414,B39-2
01415,B21-1
01416,B23-2
01417,B23-2
01418,B23-2
01419,B23-2
01420,B23-2
01421,B23-2
01422,B23-2
01423,B23-1
01424,B23-2
01425,B23-2
01426,B23-2
01427,B23-2
01428,B23-2
01429,B23-2
01430,B23-2
01431,B23-2
01432,B23-2
01433,B23-2
01434,B23-2
01435,B23-2
01436,B23-2
01437,B23-2
01438,B23-2
01439,B23-2
01440,B23-2
01441,B23-1
01442,B23-1
01443,B36-1
01444,B1-2
01445,B15-1
01446,B35-1
01447,B20-2
01448,B1-2
01449,B3-1
01450,B31-2
01451,B37-1
01452,B21-2
01453,B39-2
01454,B31-2
01455,B29-11
01456,B39-2
01457,B15-2
01458,B24-2
01459,B24-2
01460,B24-2
01461,B24-2
01462,B15-2
01463,B24-1
01464,B30-4
01465,B24-1
01466,B24-2
01467,B24-2
01468,B24-2
01469,B24-2
01470,B24-2
01471,B24-2
01472,B24-2
01473,B24-2
01474,B5-1
01475,B37-1
01476,B7-1
01477,B33-1
01478,B7-2
01479,B7-2
01480,B1-2
01481,B36-2
01482,B31-1
01483,B21-1
01484,B1-2
01485,B1-2
01486,B35-1
01487,B15-2
01488,B26-2
01489,B15-2
01490,B25-2
01491,B25-2
01492,B25-2
01493,B25-2
01494,B25-2
01495,B25-2
01496,B25-2
01497,B25-2
01498,B25-2
01499,B25-2
01500,B25-2
01501,B25-2
01502,B25-2
01503,B25-2
01504,B25-2
01505,B25-2
01506,B25-2
01507,B25-2
01508,B25-1
01509,B25-1
01510,B25-2
01511,B29-11
01512,B15-2
01513,B37-1
01514,B26-2
01515,B15-2
01516,B36-2
01517,B37-1
01518,B15-1
01519,B37-2
01520,B29-11
01521,B34-1
01522,B21-1
01523,B33-2
01524,B39-2
01525,B39-2
01526,B26-1
01527,B26-2
01528,B26-1
01529,B26-1
01530,B26-1
01531,B26-1
01532,B26-2
01533,B26-1
01534,B26-1
01535,B26-1
01536,B26-1
01537,B26-1
01538,B26-1
01539,B26-1
01540,B26-1
01541,B26-1
01542,B15-2
01543,B26-1
01544,B37-2
01545,B37-2
01546,B39-2
01547,B37-2
01548,B21-2
01549,B36-1
01550,B26-1
01551,B26-1
01552,B26-1
01553,B26-1
01554,B26-1
01555,B26-1
01556,B26-2
01557,B48-9
01558,B48-9
01559,B39-2
01560,B15-2
01561,B19-2
01562,B31-1
01563,B8-1
01564,B39-2
01565,B15-2
01566,B6-2
01567,B28-2
01568,B1-1
01569,B28-2
01570,B28-2
01571,B15-2
01572,B22-2
01573,B1-2
01574,B27-2
01575,B27-1
01576,B27-1
01577,B27-2
01578,B27-2
01579,B27-2
01580,B27-2
01581,B27-2
01582,B27-2
01583,B27-2
01584,B27-2
01585,B27-2
01586,B27-2
01587,B27-2
01588,B27-2
01589,B27-2
01590,B27-2
01591,B27-2
01592,B27-2
01593,B27-2
01594,B27-2
01595,B27-2
01596,B27-2
01597,B27-2
01598,B27-2
01599,B27-2
01600,B27-2
01601,B27-2
01602,B27-2
01603,B27-2
01604,B27-2
01605,B27-2
01606,B27-2
01607,B27-2
01608,B27-2
01609,B27-2
01610,B27-2
01611,B27-2
01612,B27-2
01613,B27-2
01614,B28-1
01615,B28-1
01616,B13-2
01617,B15-1
01618,B32-2
01619,B21-2
01620,B30-3
01621,B15-1
01622,B15-2
01623,B15-2
01624,B15-2
01625,B15-1
01626,B31-2
01627,B1-1
01628,B28-2
01629,B28-1
01630,B28-2
01631,B28-2
01632,B28-2
01633,B28-1
01634,B28-1
01635,B28-1
01636,B28-1
01637,B28-1
01638,B28-1
01639,B28-1
01640,B28-1
01641,B28-1
01642,B28-1
01643,B28-1
01644,B28-1
01645,B28-1
01646,B28-1
01647,B28-1
01648,B28-1
01649,B28-1
01650,B28-1
01651,B28-1
01652,B28-1
01653,B28-1
01654,B28-1
01655,B28-1
01656,B28-1
01657,B28-1
01658,B28-1
01659,B28-1
01660,B28-1
01661,B28-1
01662,B28-2
01663,B28-1
01664,B28-2
01665,B28-2
01666,B28-2
01667,B28-1
01668,B28-2
01669,B28-1
01670,B8-1
01671,None
01672,B28-2
01673,B28-2
01674,B28-2
01675,B28-2
01676,B28-2
01677,B28-2
01678,B28-2
01679,B28-2
01680,B28-2
01681,B28-2
01682,B28-2
01683,B28-2
01684,B28-2
01685,B28-2
01686,B28-2
01687,B28-2
01688,B28-2
01689,B28-2
01690,B28-2
01691,B28-2
01692,B28-2
01693,B28-2
01694,B28-2
01695,B28-2
01696,B28-2
01697,B28-2
01698,B28-2
01699,B28-2
01700,B28-2
01701,B28-2
01702,B28-2
01703,B28-2
01704,B28-2
01705,B28-2
01706,B28-2
01707,B28-2
01708,B28-2
01709,B28-2
01710,B28-2
01711,B28-2
01712,B28-2
01713,B28-2
01714,B28-2
01715,B28-2
01716,B28-2
01717,B28-2
01718,B28-2
01719,B28-2
01720,B28-2
01721,B28-2
01722,B28-2
01723,B28-2
01724,B28-2
01725,B28-2
01726,B28-2
01727,B28-2
01728,B28-2
01729,B28-2
01730,B28-2
01731,B28-2
01732,B28-2
01733,B28-2
01734,B28-2
01735,B28-2
01736,B28-2
01737,B28-2
01738,B28-2
01739,B28-1
01740,B34-1
01741,B29+-2
01742,B36-2
01743,B31-1
01744,B23-2
01745,B23-2
01746,B37-1
01747,B37-1
01748,B35-1
01749,B35-1
01750,B35-1
01751,B37-2
01752,B33-1
01753,B19-2
01754,B17-2
01755,B17-2
01756,B31-1
01757,B15-2
01758,B15-2
01759,B39-1
01760,B15-2
01761,B39-2
01762,B8-2
01763,B1-1
01764,B11-2
01765,B32-1
01766,B39-1
01767,B31-2
01768,B15-1
01769,B15-2
01770,B15-2
01771,B36-1
01772,B31-2
01773,B15-2
01774,B29-11
01775,B15-2
01776,B11-2
01777,B11-2
01778,B27-2
01779,B36-1
01780,B29-11
01781,B29-11
01782,B29-11
01783,B29-11
01784,B29-11
01785,B29-11
01786,B29-11
01787,B29-11
01788,B29-11
01789,B39-2
01790,B29-11
01791,B29-11
01792,B29-11
01793,B29-11
01794,B29-11
01795,B29-11
01796,B29-11
01797,B29-11
01798,B13-2
01799,B29-11
01800,B29-11
01801,B39-2
01802,B29-11
01803,B29-11
01804,B1-2
01805,B29-11
01806,B29-11
01807,B29-11
01808,B29-11
01809,B29-11
01810,B29-11
01811,B29-11
01812,B29-11
01813,B29-11
01814,B7-1
01815,B29-11
01816,B29-11
01817,B29-11
01818,B29-11
01819,B29-11
01820,B29-11
01821,B29-11
01822,B29-11
01823,B29-11
01824,B29-11
01825,B29-11
01826,B29-11
01827,B29-11
01828,B29-11
01829,B29-11
01830,B29-11
01831,B29-11
01832,B29-11
01833,B15-2
01834,None
01835,None
01836,None
01837,None
01838,None
01839,None
01840,None
01841,None
01842,None
01843,B24-2
01844,B9-1
01845,B15-2
01846,B15-2
01847,B37-1
01848,B15-2
01849,B29-11
01850,B29-11
01851,B29-11
01852,B29-11
01853,B29-11
01854,B29-11
01855,B29-11
01856,B29-11
01857,B29-11
01858,B29-11
01859,B29-11
01860,B29-11
01861,B29-11
01862,B29-11
01863,B29-11
01864,B29-11
01865,B29-11
01866,B29-11
01867,B29-11
01868,B29-11
01869,B29-11
01870,B29-11
01871,B29-11
01872,B29-11
01873,B29-11
01874,B29-11
01875,B29-11
01876,B29-11
01877,B29-11
01878,B29-11
01879,B29-11
01880,B29-11
01881,B29-11
01882,B29-11
01883,B29-11
01884,B29-11
01885,B29-11
01886,B29-11
01887,B29-11
01888,B29-11
01889,B29-11
01890,B29-11
01891,B29-11
01892,B29-11
01893,B29-11
01894,B29-11
01895,B29-11
01896,B29-11
01897,B29-11
01898,B29-11
01899,B29-11
01900,B29-11
01901,B29-11
01902,B29-11
01903,B29-11
01904,B29-10
01905,B29-11
01906,B29-11
01907,B29-11
01908,B29-11
01909,B29-11
01910,B29-11
01911,B29-11
01912,B29-11
01913,B29-11
01914,B29-11
01915,B29-11
01916,B29-11
01917,B29-11
01918,B29-11
01919,B29-11
01920,B29-11
01921,B29-11
01922,B29-11
01923,B29-11
01924,B29-11
01925,B29-11
01926,B29-11
01927,B29-11
01928,B29-11
01929,B29-11
01930,B29-11
01931,B29-11
01932,B29-11
01933,B29-11
01934,B29-11
01935,B29-11
01936,B29-11
01937,B29-11
01938,B29-11
01939,B29-11
01940,B29-11
01941,B29-11
01942,B29-11
01943,B29-11
01944,B29-11
01945,B29-11
01946,B29-11
01947,B29-11
01948,B29-11
01949,B29-11
01950,B29-11
01951,B29-11
01952,B29-11
01953,B29-11
01954,B29-11
01955,B29-11
01956,B29-11
01957,B29-11
01958,B29-11
01959,B29-10
01960,B15-1
01961,B15-2
01962,B29-9
01963,B29-9
01964,B29-9
01965,B29-10
01966,B29-10
01967,B29-10
01968,B29-10
01969,B29-10
01970,B29-10
01971,B29-9
01972,B29-10
01973,B29-10
01974,B29-10
01975,B29-10
01976,B29-10
01977,B29-10
01978,B29-10
01979,B29-10
01980,B29-10
01981,B29-10
01982,B29-10
01983,B29-10
01984,B29-10
01985,B29-10
01986,B29-10
01987,B29-10
01988,B29-10
01989,B29-10
01990,B29-10
01991,B29-10
01992,B29-10
01993,B29-10
01994,B29-10
01995,B29-10
01996,B29-10
01997,B29-10
01998,B29-10
01999,B12-1
02000,B31-2
02001,B15-2
02002,B35-2
02003,B9-1
02004,B9-1
02005,B15-2
02006,B9-1
02007,B31-1
02008,B15-2
02009,B5-1
02010,B37-2
02011,B12-1
02012,B29-10
02013,B29-10
02014,B29-10
02015,B29-10
02016,B29-10
02017,B29-10
02018,B29-10
02019,B29-10
02020,B29-10
02021,B29-10
02022,B29-10
02023,B29-10
02024,B29-10
02025,B29-10
02026,B29-10
02027,B29-10
02028,B29-10
02029,B29-10
02030,B29-10
02031,B29-9
02032,B29-9
02033,B29-9
02034,B29-9
02035,B29-9
02036,B29-9
02037,B29-9
02038,B29-9
02039,B29-9
02040,B29-9
02041,B29-9
02042,B29-9
02043,B29-9
02044,B29-9
02045,B29-9
02046,B29-9
02047,B29-9
02048,B29-9
02049,B29-9
02050,B29-9
02051,B29-9
02052,B29-9
02053,B29-9
02054,B29-9
02055,B29-9
02056,B29-9
02057,B29-9
02058,B29-9
02059,B29-9
02060,B29-9
02061,B29-9
02062,B29-9
02063,B29-9
02064,B29-9
02065,B29-9
02066,B29-9
02067,B33-1
02068,B7-2
02069,B7-2
02070,B7-2
02071,B7-2
02072,B15-2
02073,B29-8
02074,B29-8
02075,B29-8
02076,B29-8
02077,B29-8
02078,B29-8
02079,B29-8
02080,B29-8
02081,B29-8
02082,B29-8
02083,B29-8
02084,B29-8
02085,B29-8
02086,B29-8
02087,B29-8
02088,B29-8
02089,B29-8
02090,B29-8
02091,B29-8
02092,B29-8
02093,B29-8
02094,B29-8
02095,B29-8
02096,B29-8
02097,B29-8
02098,B29-8
02099,B29-8
02100,B29-8
02101,B29-8
02102,B29-8
02103,B29-8
02104,B29-8
02105,B29-8
02106,B29-8
02107,B29-8
02108,B29-8
02109,B29-8
02110,B29-8
02111,B29-8
02112,B29-8
02113,B29-8
02114,B29-8
02115,B29-8
02116,B29-8
02117,B29-8
02118,B29-8
02119,B29-7
02120,B29-7
02121,B29-7
02122,B29-7
02123,B29-7
02124,B29-7
02125,B29-7
02126,B29-7
02127,B29-7
02128,B29-7
02129,B29-7
02130,B29-7
02131,B29-7
02132,B29-7
02133,B39-1
02134,B5-2
02135,B5-2
02136,B5-2
02137,B5-2
02138,B5-2
02139,B39-2
02140,B29-6
02141,B29-6
02142,B29-6
02143,B29-6
02144,B29-6
02145,B29-6
02146,B29-6
02147,B29-6
02148,B29-6
02149,B29-6
02150,B29-6
02151,B29-6
02152,B29-6
02153,B29-6
02154,B29-6
02155,B29-6
02156,B29-6
02157,B29-6
02158,B29-6
02159,B29-6
02160,B29-6
02161,B29-6
02162,B29-6
02163,B29-6
02164,B29-5
02165,B29-5
02166,B29-5
02167,B29-5
02168,B29-5
02169,B29-5
02170,B29-5
02171,B29-5
02172,B29-5
02173,B29-5
02174,B29-5
02175,B29-5
02176,B29-5
02177,B29-5
02178,B7-1
02179,B3-2
02180,B3-2
02181,B15-2
02182,B3-2
02183,B3-2
02184,B3-2
02185,B29-3
02186,B29-4
02187,B29-4
02188,B29-4
02189,B29-4
02190,B29-4
02191,B29-4
02192,B29-4
02193,B29-4
02194,B29-4
02195,B29-4
02196,B29-4
02197,B29-4
02198,B29-4
02199,B29-4
02200,B29-4
02201,B29-4
02202,B29-4
02203,B29-4
02204,B29-4
02205,B29-3
02206,B29-3
02207,B29-3
02208,B29-3
02209,B29-2
02210,B29-3
02211,B29-3
02212,B29-3
02213,B29-3
02214,B29-2
02215,B29-2
02216,B29-2
02217,B29-2
02218,B29-3
02219,B29-2
02220,B1-2
02221,B1-2
02222,B1-2
02223,B1-2
02224,B29-11
02225,B15-2
02226,B1-1
02227,B1-2
02228,B1-2
02229,B1-2
02230,B1-2
02231,B29-1
02232,B29-1
02233,B29-1
02234,B29-2
02235,B29-2
02236,B29-2
02237,B29-2
02238,B29-2
02239,B29-2
02240,B29-2
02241,B29-1
02242,B29-2
02243,B29-2
02244,B29-2
02245,B29-2
02246,B29-2
02247,B29-2
02248,B29-2
02249,B29-2
02250,B29-2
02251,B15-2
02252,B29-2
02253,B4-1
02254,B4-1
02255,B29-11
02256,B6-1
02257,B8-1
02258,B8-1
02259,B8-1
02260,B10-1
02261,B10-1
02262,B31-1
02263,B10-1
02264,B5-1
02265,B12-1
02266,B12-1
02267,B12-1
02268,B12-1
02269,B12-1
02270,B12-1
02271,B12-1
02272,B12-1
02273,B12-1
02274,B13-2
02275,B12-1
02276,B20-1
02277,B29-11
02278,B29-11
02279,B29-11
02280,B29-11
02281,B29-11
02282,B29-11
02283,B29-11
02284,B29-11
02285,B29-11
02286,B29-11
02287,B29-11
02288,B29-11
02289,B29-11
02290,B29-11
02291,B29-11
02292,B29-11
02293,B29-11
02294,B29-11
02295,B29-11
02296,B29-11
02297,B29-11
02298,B29-11
02299,B29-11
02300,B29-11
02301,B29-11
02302,B29-11
02303,B29-11
02304,B29-11
02305,B29-11
02306,B29-11
02307,B29-11
02308,B29-11
02309,B29-11
02310,B7-1
02311,B14-1
02312,B1-2
02313,B36-2
02314,B29-11
02315,B8-1
02316,B31-1
02317,B23-2
02318,B15-2
02319,B31-2
02320,B39-2
02321,B37-2
02322,B1-2
02323,B7-1
02324,B15-2
02325,B13-2
02326,B24-2
02327,B34-2
02328,B30-4
02329,B39-2
02330,B31-1
02331,B29-11
02332,B30-4
02333,B20-2
02334,B37-2
02335,B30-4
02336,B18-2
02337,B15-2
02338,B33-1
02339,B35-1
02340,B29+-2
02341,B29+-2
02342,B29+-2
02343,B29+-2
02344,B29+-2
02345,B29+-2
02346,B29+-2
02347,B29+-2
02348,B29+-2
02349,None
02350,None
02351,B29+-2
02352,B29+-2
02353,B29+-2
02354,B29+-2
02355,B15-2
02356,B29+-2
02357,B8-1
02358,B27-2
02359,B30-4
02360,B29-3
02361,B2-1
02362,B21-1
02363,B35-1
02364,B31-2
02365,B20-2
02366,B37-2
02367,B32-1
02368,B32-1
02369,B32-1
02370,B15-1
02371,B29-11
02372,B13-2
02373,B32-1
02374,B1-2
02375,B8-2
02376,B33-1
02377,B35-2
02378,B37-2
02379,B2-1
02380,B33-2
02381,B15-1
02382,B21-2
02383,B32-2
02384,B1-2
02385,B15-2
02386,B12-1
02387,B30-3
02388,B33-1
02389,None
02390,B7-1
02391,B17-2
02392,B29+-1
02393,B29+-1
02394,B29+-1
02395,B24-2
02396,B29+-1
02397,B29+-1
02398,B15-2
02399,B29+-2
02400,B37-1
02401,B29+-1
02402,B29+-1
02403,B29+-1
02404,B29+-1
02405,B29+-1
02406,B29+-1
02407,B15-2
02408,B29+-1
02409,B34-2
02410,B19-2
02411,B36-1
02412,B39-2
02413,B47-1
02414,B29+-1
02415,B15-2
02416,B36-1
02417,B28-2
02418,B15-2
02419,B8-1
02420,B34-2
02421,B9-1
02422,B37-1
02423,B29+-1
02424,B28-2
02425,B29+-1
02426,B7-1
02427,B35-2
02428,B29+-1
02429,B29+-2
02430,B37-1
02431,B22-1
02432,B22-2
02433,B28-2
02434,B29+-1
02435,B24-2
02436,B24-2
02437,B8-1
02438,B36-2
02439,B34-2
02440,B15-2
02441,B29+-1
02442,B29+-1
02443,B25-1
02444,B29+-1
02445,B37-1
02446,B34-2
02447,B29+-1
02448,B29+-1
02449,B37-2
02450,B29+-1
02451,B19-2
02452,B4-1
02453,B15-2
02454,B33-2
02455,B15-2
02456,B15-2
02457,B15-2
02458,B29+-1
02459,B15-1
02460,B29+-1
02461,B15-2
02462,B37-2
02463,B29+-2
02464,B39-2
02465,B29-11
02466,B21-2
02467,B32-1
02468,B15-2
02469,B15-2
02470,B15-2
02471,B29+-1
02472,B29+-1
02473,B30-3
02474,B29+-1
02475,B29+-1
02476,B29+-1
02477,B29+-1
02478,B29+-1
02479,B29+-2
02480,B35-1
02481,B29+-1
02482,B15-1
02483,B29+-1
02484,B17-2
02485,B29+-1
02486,B37-2
02487,B37-1
02488,B15-2
02489,B15-1
02490,B29+-1
02491,B29+-1
02492,B29+-1
02493,B29+-1
02494,B29+-2
02495,B29+-1
02496,B29+-1
02497,B15-2
02498,B37-2
02499,B29+-1
02500,B29+-1
02501,B29+-2
02502,B29+-2
02503,B34-2
02504,B39-2
02505,B29+-1
02506,B35-1
02507,B19-2
02508,B39-2
02509,B29+-1
02510,B15-2
02511,B29+-1
02512,B34-2
02513,B29+-1
02514,B29+-1
02515,B29+-1
02516,B29+-1
02517,B29+-1
02518,B36-2
02519,B29+-1
02520,B29+-1
02521,B29+-1
02522,B15-2
02523,B29-11
02524,B29+-2
02525,B29+-1
02526,B29+-1
02527,B15-2
02528,B7-1
02529,B34-2
02530,B34-2
02531,B29+-2
02532,B29+-1
02533,B15-2
02534,B29+-1
02535,B8-1
02536,B23-2
02537,B30-3
02538,B29+-1
02539,B29+-1
02540,B29+-1
02541,B29+-1
02542,B7-1
02543,B39-2
02544,B34-2
02545,B7-1
02546,B15-2
02547,B34-1
02548,B15-1
02549,B34-2
02550,B36-2
02551,B19-2
02552,B34-2
02553,B15-1
02554,B31-2
02555,B29-11
02556,B37-1
02557,B5-1
02558,None
02559,None
02560,None
02561,None
02562,None
02563,None
02564,B36-1
02565,B29+-2
02566,B29+-2
02567,B29+-2
02568,B29+-2
02569,B29+-2
02570,B29+-2
02571,B29+-2
02572,B29+-2
02573,B29+-2
02574,B29+-2
02575,B29+-2
02576,B29+-2
02577,B29+-2
02578,B29+-2
02579,B29+-2
02580,B29+-2
02581,B29+-2
02582,B29+-2
02583,B29+-2
02584,B29+-2
02585,B29+-2
02586,B29+-2
02587,B29+-2
02588,B29+-2
02589,B29+-2
02590,B29+-2
02591,B29+-2
02592,B29+-2
02593,B29+-2
02594,B29+-2
02595,B7-2
02596,B15-2
02597,B29+-2
02598,B29+-2
02599,B15-2
02600,B29+-2
02601,B29+-2
02602,B15-2
02603,B9-1
02604,B15-2
02605,B37-2
02606,B15-2
02607,B7-1
02608,B37-2
02609,B37-2
02610,B15-2
02611,B39-2
02612,B37-1
02613,B25-1
02614,B37-2
02615,B35-1
02616,B29-11
02617,B29-11
02618,B33-1
02619,B37-1
02620,B30-4
02621,B39-2
02622,B7-1
02623,B37-2
02624,B15-2
02625,B39-2
02626,B39-2
02627,B37-1
02628,B37-1
02629,B37-1
02630,B27-2
02631,B15-2
02632,B9-1
02633,B33-2
02634,B34-1
02635,B37-1
02636,B19-1
02637,B31-2
02638,B31-2
02639,B33-1
02640,B31-2
02641,B30-3
02642,B29-11
02643,B15-2
02644,B1-2
02645,B29-11
02646,B15-2
02647,B37-2
02648,B37-2
02649,B33-2
02650,B39-2
02651,B31-1
02652,B31-2
02653,B22-2
02654,B18-2
02655,B31-1
02656,B37-2
02657,B15-2
02658,B30-3
02659,B30-3
02660,B30-3
02661,B30-3
02662,B30-3
02663,B30-3
02664,B30-3
02665,B30-3
02666,B30-3
02667,B30-3
02668,B30-3
02669,B30-3
02670,B30-3
02671,B30-3
02672,B30-3
02673,B30-3
02674,B30-3
02675,B30-3
02676,B30-3
02677,B30-3
02678,B30-3
02679,B30-3
02680,B30-3
02681,B30-3
02682,B30-3
02683,B30-3
02684,B30-3
02685,B30-3
02686,B30-3
02687,B30-3
02688,B30-3
02689,B30-3
02690,B30-3
02691,B30-3
02692,B30-3
02693,B30-3
02694,B30-3
02695,B30-3
02696,B30-3
02697,B30-3
02698,B30-3
02699,B30-3
02700,B30-3
02701,B30-3
02702,B30-3
02703,B30-3
02704,B30-3
02705,B30-3
02706,B30-3
02707,B30-3
02708,B30-3
02709,B30-3
02710,B30-3
02711,B30-3
02712,B30-3
02713,B30-3
02714,B30-3
02715,B30-3
02716,B30-3
02717,B30-3
02718,B30-3
02719,B35-1
02720,B13-2
02721,B37-1
02722,B30-4
02723,B30-4
02724,B30-4
02725,B30-4
02726,B30-4
02727,B30-4
02728,B30-4
02729,B30-4
02730,B30-4
02731,B30-4
02732,B30-4
02733,B30-4
02734,B30-4
02735,B30-4
02736,B30-4
02737,B30-4
02738,B30-4
02739,B30-4
02740,B30-4
02741,B30-4
02742,B30-4
02743,B30-4
02744,B30-4
02745,B30-4
02746,B30-4
02747,B30-4
02748,B30-4
02749,B30-4
02750,B30-4
02751,B30-4
02752,B30-4
02753,B30-4
02754,B30-4
02755,B30-4
02756,B30-4
02757,B30-4
02758,B30-4
02759,B30-4
02760,B30-4
02761,B30-4
02762,B30-4
02763,B30-4
02764,B30-4
02765,B30-4
02766,B30-4
02767,B30-4
02768,B30-4
02769,B30-4
02770,B30-4
02771,B30-4
02772,B30-4
02773,B30-4
02774,B30-4
02775,B30-4
02776,B1-1
02777,B32-1
02778,B36-2
02779,B1-2
02780,B32-2
02781,B32-2
02782,B32-2
02783,B32-2
02784,B33-1
02785,B32-2
02786,B32-2
02787,B32-2
02788,B32-2
02789,B32-2
02790,B31-4
02791,B31-4
02792,B32-2
02793,B32-2
02794,B31-1
02795,B36-1
02796,B32-2
02797,B10-1
02798,B20-1
02799,B31-1
02800,B34-2
02801,B31-3
02802,B34-1
02803,B31-1
02804,B31-1
02805,B31-1
02806,B31-1
02807,B31-1
02808,B31-1
02809,B31-1
02810,B31-1
02811,B31-1
02812,B31-1
02813,B31-1
02814,B31-1
02815,B31-1
02816,B31-1
02817,B31-1
02818,B31-1
02819,B31-1
02820,B31-1
02821,B31-1
02822,B31-1
02823,B31-1
02824,B31-1
02825,B31-1
02826,B31-1
02827,B31-1
02828,B31-1
02829,B31-1
02830,B31-1
02831,B31-1
02832,B31-1
02833,B31-1
02834,B31-1
02835,B31-1
02836,B31-1
02837,B31-1
02838,B31-1
02839,B31-1
02840,B31-1
02841,B31-1
02842,B31-1
02843,B31-1
02844,B31-1
02845,B31-1
02846,B31-1
02847,B31-1
02848,B31-1
02849,B31-1
02850,B31-1
02851,B31-1
02852,B31-1
02853,B31-1
02854,B31-1
02855,B31-1
02856,B31-1
02857,B31-1
02858,B31-2
02859,B31-2
02860,B31-2
02861,B31-2
02862,B31-2
02863,B31-2
02864,B31-2
02865,B31-2
02866,B31-2
02867,B31-2
02868,B31-2
02869,B31-2
02870,B31-2
02871,B31-2
02872,B31-2
02873,B31-2
02874,B31-2
02875,B31-2
02876,B31-2
02877,B31-2
02878,B31-2
02879,B31-2
02880,B31-2
02881,B31-2
02882,B31-2
02883,B31-2
02884,B31-2
02885,B31-2
02886,B31-2
02887,B31-2
02888,B39-2
02889,B31-3
02890,B31-4
02891,B31-3
02892,B31-4
02893,B31-3
02894,B31-3
02895,B31-3
02896,B31-3
02897,B31-4
02898,B31-4
02899,B31-4
02900,B31-4
02901,B31-4
02902,B31-4
02903,B31-4
02904,B31-4
02905,B31-3
02906,B31-4
02907,B31-4
02908,B31-3
02909,B31-3
02910,B31-4
02911,B31-3
02912,B31-4
02913,B31-4
02914,B31-4
02915,B31-4
02916,B31-4
02917,B31-4
02918,B31-4
02919,B31-4
02920,B31-4
02921,B31-3
02922,B7-1
02923,B31-4
02924,B31-4
02925,B31-4
02926,B31-4
02927,B31-4
02928,B31-3
02929,B31-4
02930,B31-4
02931,B31-4
02932,B32-1
02933,B32-1
02934,B32-1
02935,B32-1
02936,B32-1
02937,B32-1
02938,B32-1
02939,B32-1
02940,B32-1
02941,B32-1
02942,B32-1
02943,B32-1
02944,B32-1
02945,B32-1
02946,B32-1
02947,B32-1
02948,B32-1
02949,B32-1
02950,B32-1
02951,B32-1
02952,B32-1
02953,B32-1
02954,B32-1
02955,B32-1
02956,B32-1
02957,B32-1
02958,B32-1
02959,B32-1
02960,B32-1
02961,B32-1
02962,B32-1
02963,B32-1
02964,B32-1
02965,B32-1
02966,B32-1
02967,B32-1
02968,None
02969,B32-2
02970,B32-2
02971,B32-2
02972,B32-2
02973,B32-2
02974,B32-2
02975,B32-2
02976,B32-2
02977,B32-2
02978,B32-2
02979,B32-2
02980,B32-2
02981,B32-2
02982,B32-2
02983,B32-2
02984,B32-2
02985,B32-2
02986,B32-2
02987,B32-2
02988,B32-2
02989,B32-2
02990,B32-2
02991,B32-2
02992,B32-2
02993,B32-2
02994,B32-2
02995,B32-2
02996,B32-2
02997,B32-2
02998,B32-2
02999,B32-2
03000,B32-2
03001,B32-2
03002,B32-2
03003,B32-2
03004,B32-2
03005,B32-2
03006,B32-2
03007,B32-2
03008,B32-2
03009,B32-2
03010,B32-2
03011,B32-2
03012,B32-2
03013,B32-2
03014,B33-1
03015,B32-2
03016,B32-2
03017,B32-2
03018,B32-2
03019,B32-2
03020,B32-2
03021,B32-2
03022,B32-2
03023,B32-2
03024,B32-2
03025,B32-2
03026,B32-2
03027,B32-2
03028,B32-2
03029,B32-2
03030,B32-2
03031,B32-2
03032,B32-2
03033,B32-2
03034,B32-2
03035,B32-2
03036,B32-2
03037,B32-2
03038,B32-2
03039,B39-2
03040,B15-2
03041,B20-1
03042,B34-2
03043,B32-2
03044,B34-2
03045,B39-2
03046,B28-2
03047,B33-4
03048,B33-4
03049,B33-4
03050,B33-3
03051,B33-2
03052,B33-2
03053,B33-2
03054,B33-2
03055,B33-2
03056,B33-2
03057,B33-2
03058,B33-2
03059,B33-1
03060,B33-2
03061,B33-2
03062,B33-1
03063,B33-1
03064,B33-1
03065,B33-2
03066,B33-2
03067,B33-1
03068,B33-1
03069,B33-1
03070,B33-1
03071,B33-1
03072,B33-1
03073,B33-1
03074,B33-1
03075,B33-1
03076,B33-1
03077,B33-1
03078,B33-1
03079,B33-1
03080,B33-1
03081,B33-1
03082,B33-1
03083,B33-1
03084,B33-1
03085,B33-1
03086,B33-1
03087,B33-1
03088,B33-1
03089,B33-1
03090,B33-1
03091,B33-1
03092,B33-1
03093,B33-1
03094,B33-1
03095,B33-1
03096,B33-1
03097,B33-1
03098,B33-1
03099,B33-1
03100,B33-1
03101,B33-1
03102,B33-1
03103,B33-1
03104,B33-1
03105,B33-1
03106,B33-1
03107,B33-1
03108,B33-1
03109,B33-1
03110,B33-1
03111,B33-1
03112,B33-1
03113,B33-1
03114,B33-1
03115,B33-1
03116,B33-1
03117,B33-1
03118,B33-1
03119,B33-1
03120,B33-1
03121,B33-1
03122,B33-1
03123,B33-1
03124,B33-1
03125,B33-1
03126,B33-1
03127,B33-1
03128,B33-1
03129,B33-1
03130,B33-1
03131,B33-1
03132,B33-1
03133,B33-1
03134,B33-1
03135,B33-1
03136,B33-1
03137,B33-1
03138,B33-1
03139,B33-1
03140,B33-1
03141,B33-1
03142,B33-1
03143,B33-1
03144,B33-1
03145,B33-3
03146,B33-2
03147,B33-2
03148,B33-2
03149,B33-2
03150,B33-2
03151,B33-2
03152,B33-2
03153,B33-2
03154,B33-2
03155,B33-2
03156,B33-2
03157,B33-2
03158,B33-2
03159,B33-2
03160,B33-2
03161,B33-2
03162,B33-2
03163,B33-2
03164,B33-2
03165,B33-2
03166,B33-2
03167,B33-2
03168,B33-2
03169,B33-2
03170,B33-2
03171,B33-2
03172,B33-2
03173,B33-2
03174,B33-2
03175,B33-2
03176,B33-2
03177,B33-2
03178,B33-2
03179,B33-2
03180,B33-2
03181,B33-2
03182,B33-2
03183,B33-2
03184,B33-2
03185,B33-2
03186,B33-2
03187,B33-2
03188,B33-2
03189,B33-2
03190,B33-2
03191,B33-3
03192,B33-3
03193,B33-3
03194,B33-3
03195,B33-3
03196,B33-3
03197,B33-3
03198,B33-3
03199,B33-3
03200,B33-3
03201,B33-3
03202,B33-3
03203,B33-3
03204,B33-3
03205,B33-3
03206,B33-3
03207,B33-3
03208,B33-3
03209,B33-3
03210,B33-3
03211,B33-3
03212,B33-4
03213,B34-1
03214,B34-1
03215,B34-1
03216,B34-1
03217,B34-1
03218,B34-1
03219,B34-1
03220,B34-1
03221,B34-1
03222,B34-1
03223,B34-1
03224,B34-1
03225,B34-1
03226,B34-1
03227,B34-1
03228,B34-1
03229,B33-4
03230,B33-4
03231,B33-4
03232,B33-4
03233,B33-4
03234,B33-4
03235,B33-4
03236,B33-4
03237,B33-4
03238,B33-4
03239,B33-4
03240,B33-4
03241,B33-4
03242,B33-3
03243,B33-4
03244,B33-4
03245,B33-4
03246,B33-4
03247,B33-4
03248,B33-4
03249,B33-4
03250,B33-4
03251,B33-4
03252,B33-4
03253,B33-4
03254,B33-4
03255,B33-4
03256,B33-4
03257,B33-4
03258,B33-4
03259,B33-4
03260,B33-4
03261,B33-4
03262,B33-4
03263,B33-3
03264,B33-3
03265,B33-4
03266,B33-4
03267,B33-3
03268,B33-4
03269,B34-2
03270,B34-2
03271,B34-2
03272,B34-2
03273,B34-2
03274,B34-2
03275,B35-2
03276,B15-2
03277,B36-2
03278,B35-4
03279,B33-3
03280,B33-3
03281,B35-4
03282,B35-4
03283,B33-3
03284,B33-3
03285,B33-3
03286,B33-3
03287,B15-2
03288,B33-1
03289,B33-4
03290,B33-4
03291,B34-1
03292,B34-1
03293,B34-1
03294,B34-1
03295,B34-1
03296,B34-1
03297,B34-1
03298,B34-1
03299,B34-1
03300,B34-1
03301,B34-1
03302,B34-1
03303,B34-1
03304,B34-1
03305,B34-1
03306,B34-1
03307,B34-1
03308,B34-1
03309,B34-1
03310,B34-1
03311,B34-1
03312,B34-1
03313,B34-1
03314,B34-1
03315,B34-1
03316,B34-1
03317,B34-1
03318,B34-1
03319,B34-1
03320,B34-1
03321,B34-1
03322,B34-1
03323,B39-2
03324,B39-2
03325,B9-1
03326,B32-1
03327,B15-2
03328,B39-2
03329,B31-2
03330,B33-2
03331,B31-2
03332,B33-2
03333,B21-2
03334,B31-2
03335,B37-1
03336,B33-2
03337,B15-2
03338,B34-2
03339,B34-2
03340,B34-1
03341,B34-1
03342,B39-2
03343,B34-1
03344,B34-1
03345,B34-1
03346,B34-1
03347,B34-1
03348,B34-1
03349,B34-1
03350,B34-1
03351,B34-1
03352,B33-1
03353,B15-2
03354,B33-2
03355,B15-2
03356,B34-1
03357,B34-1
03358,B34-1
03359,B34-2
03360,B34-1
03361,B34-2
03362,B34-2
03363,B31-1
03364,B24-2
03365,B34-2
03366,B37-1
03367,B34-2
03368,B6-2
03369,B31-2
03370,B39-2
03371,B34-2
03372,B34-2
03373,B34-2
03374,B34-1
03375,B34-2
03376,B34-2
03377,B34-1
03378,B34-2
03379,B34-2
03380,B34-2
03381,B34-2
03382,B34-2
03383,B34-2
03384,B34-2
03385,B34-1
03386,B34-1
03387,B34-1
03388,B34-1
03389,B34-1
03390,B34-1
03391,B34-1
03392,B34-1
03393,B34-1
03394,B34-1
03395,B34-1
03396,B34-1
03397,B34-1
03398,B34-1
03399,B34-1
03400,B34-1
03401,B34-1
03402,B34-1
03403,B34-1
03404,B34-1
03405,B34-1
03406,B34-1
03407,B34-1
03408,B34-1
03409,B34-1
03410,B34-1
03411,B34-1
03412,B34-1
03413,B34-1
03414,B34-1
03415,B34-1
03416,B34-1
03417,B34-1
03418,B34-1
03419,B34-1
03420,B34-1
03421,B29-11
03422,B34-1
03423,B34-2
03424,B34-2
03425,B34-2
03426,B34-2
03427,B34-2
03428,B34-2
03429,B34-2
03430,B34-2
03431,B34-2
03432,B34-2
03433,B34-2
03434,B34-2
03435,B34-2
03436,B34-2
03437,B34-2
03438,B34-2
03439,B34-2
03440,B34-2
03441,B34-2
03442,B34-2
03443,B34-2
03444,B34-2
03445,B34-2
03446,B34-2
03447,B34-2
03448,B34-2
03449,B34-2
03450,B34-2
03451,B34-2
03452,B34-2
03453,B34-1
03454,B34-2
03455,B33-3
03456,B34-2
03457,B34-2
03458,B34-2
03459,B34-2
03460,B34-2
03461,B34-2
03462,B34-2
03463,B34-2
03464,B34-2
03465,B34-2
03466,B34-2
03467,B34-2
03468,B34-2
03469,B34-2
03470,B34-2
03471,B34-2
03472,B34-2
03473,B34-2
03474,B34-2
03475,B34-2
03476,B9-1
03477,B22-1
03478,B22-1
03479,B36-2
03480,B36-2
03481,B36-2
03482,B15-1
03483,B36-2
03484,B36-2
03485,B36-2
03486,B36-2
03487,B36-2
03488,B36-2
03489,B15-2
03490,B36-2
03491,B22-1
03492,B36-2
03493,B36-2
03494,B36-2
03495,B36-2
03496,B36-2
03497,B36-2
03498,B36-2
03499,B35-1
03500,B36-2
03501,B36-2
03502,B36-2
03503,B36-2
03504,B36-2
03505,B33-1
03506,B15-2
03507,B36-2
03508,B36-2
03509,B36-2
03510,B15-1
03511,B36-2
03512,B15-2
03513,B24-1
03514,B15-2
03515,B36-2
03516,B35-4
03517,B35-4
03518,B35-4
03519,B35-4
03520,B35-4
03521,B36-2
03522,B35-4
03523,B36-2
03524,B36-2
03525,B35-4
03526,B36-2
03527,B36-2
03528,B35-4
03529,B35-4
03530,B35-4
03531,B35-3
03532,B35-1
03533,B35-1
03534,B35-1
03535,B35-1
03536,B35-1
03537,B35-1
03538,B35-1
03539,B35-1
03540,B35-1
03541,B35-1
03542,B35-1
03543,B35-1
03544,B35-1
03545,B35-1
03546,B35-1
03547,B35-1
03548,B35-1
03549,B35-1
03550,B35-1
03551,B35-1
03552,B35-1
03553,B35-1
03554,B35-1
03555,B35-1
03556,B35-1
03557,B35-1
03558,B35-1
03559,B35-1
03560,B35-1
03561,B35-4
03562,B35-4
03563,B35-4
03564,B35-4
03565,B35-4
03566,B35-1
03567,B35-1
03568,B35-1
03569,B35-1
03570,B35-1
03571,B35-1
03572,B35-1
03573,B35-1
03574,B35-1
03575,B35-1
03576,B35-1
03577,B35-1
03578,B35-1
03579,B35-1
03580,B35-1
03581,B35-2
03582,B35-2
03583,B35-2
03584,B35-2
03585,B35-2
03586,B35-2
03587,B35-2
03588,B35-2
03589,B35-2
03590,B35-2
03591,B35-2
03592,B35-2
03593,B35-2
03594,B35-2
03595,B35-2
03596,B35-2
03597,B35-2
03598,B35-2
03599,B35-2
03600,B35-2
03601,B35-2
03602,B35-2
03603,B35-2
03604,B35-2
03605,B35-2
03606,B35-2
03607,B35-2
03608,B35-2
03609,B35-2
03610,B35-2
03611,B35-2
03612,B35-2
03613,B35-4
03614,B35-4
03615,B35-2
03616,B35-2
03617,B35-2
03618,B35-2
03619,B35-2
03620,B35-2
03621,B35-2
03622,B35-2
03623,B35-2
03624,B35-2
03625,B35-2
03626,B35-2
03627,B35-2
03628,B35-4
03629,B35-4
03630,B35-3
03631,B35-3
03632,B35-4
03633,B35-4
03634,B35-4
03635,B35-4
03636,B35-4
03637,B35-4
03638,B35-4
03639,B35-4
03640,B35-4
03641,B35-4
03642,B35-4
03643,B35-4
03644,B35-4
03645,B35-4
03646,B35-4
03647,B35-4
03648,B35-4
03649,B35-4
03650,B35-4
03651,B35-3
03652,B35-3
03653,B35-3
03654,B35-3
03655,B35-4
03656,B35-4
03657,B35-3
03658,B35-4
03659,B35-4
03660,B36-1
03661,B36-1
03662,B36-1
03663,B36-1
03664,B36-1
03665,B36-1
03666,B36-1
03667,B36-1
03668,B36-1
03669,B36-1
03670,B36-1
03671,B36-1
03672,B36-1
03673,B36-1
03674,B36-1
03675,B36-1
03676,B36-1
03677,B36-1
03678,B36-1
03679,B36-1
03680,B36-1
03681,B36-1
03682,B36-1
03683,B36-1
03684,B36-1
03685,B36-1
03686,B36-1
03687,B36-1
03688,B36-1
03689,B36-1
03690,B36-1
03691,B36-1
03692,B36-1
03693,B36-1
03694,B36-1
03695,B36-1
03696,B36-1
03697,B36-1
03698,B36-1
03699,B36-2
03700,B36-2
03701,B36-2
03702,B36-2
03703,B36-2
03704,B36-2
03705,B36-2
03706,B36-2
03707,B36-2
03708,B36-2
03709,B36-2
03710,B36-2
03711,B36-2
03712,B36-2
03713,B36-2
03714,B36-2
03715,B36-2
03716,B36-2
03717,B36-2
03718,B36-2
03719,B36-2
03720,B36-2
03721,B36-2
03722,B36-2
03723,B36-2
03724,B36-2
03725,B36-2
03726,B36-2
03727,B36-2
03728,B36-2
03729,B36-2
03730,B36-2
03731,B36-2
03732,B36-2
03733,B36-2
03734,B36-2
03735,B36-2
03736,B36-2
03737,B36-2
03738,B36-2
03739,B36-2
03740,B36-2
03741,B32-1
03742,B38-2
03743,B31-2
03744,B38-2
03745,B37-4
03746,B39-2
03747,B1-2
03748,B37-3
03749,B37-3
03750,B31-1
03751,B37-1
03752,B37-1
03753,B37-1
03754,B37-1
03755,B37-1
03756,B37-1
03757,B37-1
03758,B37-1
03759,B37-1
03760,B37-1
03761,B37-1
03762,B37-1
03763,B37-1
03764,B37-1
03765,B37-1
03766,B37-1
03767,B37-1
03768,B37-1
03769,B37-1
03770,B37-1
03771,B37-3
03772,B37-3
03773,B37-1
03774,B37-1
03775,B37-1
03776,B37-1
03777,B37-3
03778,B37-1
03779,B37-1
03780,B37-1
03781,B37-3
03782,B37-3
03783,B37-1
03784,B37-2
03785,B37-3
03786,B37-2
03787,B37-2
03788,B37-2
03789,B37-2
03790,B37-2
03791,B37-2
03792,B37-2
03793,B37-2
03794,B37-2
03795,B37-2
03796,B37-2
03797,B37-2
03798,B37-2
03799,B37-2
03800,B37-2
03801,B37-2
03802,B37-2
03803,B37-2
03804,B37-2
03805,B37-2
03806,B37-2
03807,B37-2
03808,B37-2
03809,B37-2
03810,B37-2
03811,B37-2
03812,B37-2
03813,B37-2
03814,B37-2
03815,B37-2
03816,B37-2
03817,B37-2
03818,B37-2
03819,B37-2
03820,B37-2
03821,B37-2
03822,B37-2
03823,B37-2
03824,B37-2
03825,B37-2
03826,B37-2
03827,B37-2
03828,B37-2
03829,B37-2
03830,B37-3
03831,B37-3
03832,B37-4
03833,B37-3
03834,B37-3
03835,B37-3
03836,B37-3
03837,B37-3
03838,B37-4
03839,B37-4
03840,B37-3
03841,B37-3
03842,B37-3
03843,B37-3
03844,B37-3
03845,B37-3
03846,B37-3
03847,B37-3
03848,B37-3
03849,B37-3
03850,B37-3
03851,B37-3
03852,B37-3
03853,B37-3
03854,B37-3
03855,B37-3
03856,B37-3
03857,B37-3
03858,B37-3
03859,B37-3
03860,B37-3
03861,B37-4
03862,B37-4
03863,B38-1
03864,B38-1
03865,B38-1
03866,B38-1
03867,B38-1
03868,B38-1
03869,B38-1
03870,B38-1
03871,B38-1
03872,B38-1
03873,B38-1
03874,B38-1
03875,B38-1
03876,B38-1
03877,B33-1
03878,None
03879,None
03880,None
03881,None
03882,None
03883,None
03884,None
03885,None
03886,None
03887,B39-2
03888,B8-1
03889,B39-4
03890,B39-4
03891,B39-4
03892,B39-3
03893,B39-1
03894,B39-3
03895,B39-3
03896,B39-3
03897,B39-3
